Estatística,Valor_Observado,Valor_Esperado,Diferença
Média,3.6375,3.5,0.1375
Variância,2.537816455696203,2.9166666666666665,-0.3789
Desvio Padrão,1.5930525589873683,1.707825127659933,-0.1148
