Face,Frequência_Absoluta,Frequência_Relativa,Frequência_Esperada,Diferença
1,8,0.1,0.16666666666666666,-0.0667
2,16,0.2,0.16666666666666666,0.0333
3,11,0.1375,0.16666666666666666,-0.0292
4,20,0.25,0.16666666666666666,0.0833
5,12,0.15,0.16666666666666666,-0.0167
6,13,0.1625,0.16666666666666666,-0.0042
